Order ID,Order Date,Product Name,Category,Quantity Sold,Unit Price,Total Sales,Customer Name,Region
e1546d29-f015-4ef9-93bb-055179907542,2024-02-15,Jacket,Clothing,2,933.15,1866.3,Bobby Parks,South
d3c51ed2-76a5-4707-8f7e-90b1bdcd5866,2024-08-03,Jeans,Clothing,7,726.3,5084.1,Brandon Buckley,East
04440b07-e6d8-4cb9-a2bc-72822810e447,2023-10-02,Microwave,Home Appliances,5,322.34,1611.7,Kristen Williams,West
cf3ff931-d151-41a5-9660-7ef6b80da18d,2023-12-23,Vacuum Cleaner,Home Appliances,6,768.14,4608.84,Stephanie Moss,North
363b7c41-ef20-4ca7-a403-7283f39eb057,2024-07-14,Desk,Furniture,1,120.66,120.66,Cheryl Barker,West
052fe712-049e-4428-885c-e9085e39e4ec,2024-06-12,Laptop,Electronics,8,603.26,4826.08,Richard Carey,South
591ca4cb-65e9-4341-901b-bbb904ed6d39,2024-06-03,Jeans,Clothing,6,48.88,293.28,Erin Martinez,West
c85723da-5f75-4c2f-94e2-99792d0c0d8f,2023-11-11,Jeans,Clothing,9,548.48,4936.32,Kathryn Bryan,North
393f6820-7dbb-49fa-8e8e-7a09122100db,2024-07-02,Microwave,Home Appliances,7,292.1,2044.7,Aaron Green,West
b7b22782-6a9f-4583-8c4b-840e14105a6a,2024-06-06,Bed,Furniture,4,55.17,220.68,Mitchell Larsen,West
b5d90c31-e9c3-48c5-b31f-4f3cea7c46cc,2024-05-21,Sofa,Furniture,9,825.69,7431.21,Teresa Cruz,East
f95c3f83-020a-414a-9d7b-87a3b264c6ea,2024-06-05,Desk,Furniture,9,56.84,511.56,Danielle Winters,South
196b7c5d-94f9-45e1-b29c-bc536df32684,2023-12-20,Microwave,Home Appliances,2,600.26,1200.52,Bradley Carpenter,North
12227ffb-d643-4e9c-a4a4-44dfbb5248ed,2024-06-05,Tablet,Electronics,2,528.62,1057.24,Victoria Wagner,East
788fbc4d-4bf8-4127-8e4b-3480e3e8c8d4,2024-07-02,Microwave,Home Appliances,8,555.55,4444.4,Mark Peters,North
969b82c8-90be-48bd-b8a0-d555b4f07a42,2024-09-01,Microwave,Home Appliances,7,310.46,2173.22,Charles Miranda,North
2b40d2d1-2d0a-42bc-90d7-713c97b9e418,2024-04-22,Shoes,Clothing,2,425.52,851.04,Thomas Ferguson,South
92efa0f6-81d5-4a3c-af97-5e56832f1638,2024-06-08,Dining Table,Furniture,2,572.07,1144.14,Christina Michael,West
242fbec5-ce4e-4f23-a837-a5365d341da1,2024-05-27,Dining Table,Furniture,10,525.23,5252.3,Marc Fisher,East
056343d3-69bc-422a-a147-7da95433274e,2024-07-26,Bed,Furniture,5,511.35,2556.75,Jacqueline Patterson,South
6e0cd6d2-127b-4f56-85e3-49a0f5ddadd6,2024-02-27,Jeans,Clothing,8,13.14,105.12,Phillip Rodriguez,West
786bd6be-dcdc-438a-94b3-a6107bddc695,2024-07-08,Smartwatch,Electronics,3,589.17,1767.51,Karen Wilson,North
8864ecf7-3b0a-4c5d-ba4e-ab4ab25cfe13,2024-03-03,Washing Machine,Home Appliances,1,626.67,626.67,Nathan Wheeler,West
2d910c86-9c8f-4afb-9988-4649bfdc23e5,2024-09-03,T-Shirt,Clothing,7,629.66,4407.62,David Myers,North
fb667fa6-3f36-4ea3-9495-5177a24cd221,2024-09-18,Microwave,Home Appliances,4,402.38,1609.52,Jon Bradford,East
c1ab9190-395f-402f-abd0-46c48bb88656,2024-08-11,Tablet,Electronics,2,930.11,1860.22,Logan Reed,East
d65a445d-237e-4307-9c9a-84c5ea1a0fd9,2024-01-06,Desk,Furniture,10,496.61,4966.1,Eric Downs,North
74127b2b-0366-41ff-bf27-8e08d2778744,2024-02-04,Dining Table,Furniture,4,989.24,3956.96,Daniel Johnson,East
6c232ea5-526b-4dd7-beaf-03756a54ce13,2024-06-13,Chair,Furniture,10,205.24,2052.4,Gregory Martinez,North
159467d0-7c55-4d78-b849-88f3806bb622,2024-09-16,Washing Machine,Home Appliances,1,968.16,968.16,Heather Davies,North
ee383417-8b04-4ddb-9018-fac3befa59b9,2024-02-28,Shoes,Clothing,2,486.72,973.44,Samantha Duffy,North
ab9476f4-7b14-4e62-909a-94f45f3b57cf,2024-02-17,Smartwatch,Electronics,9,717.23,6455.07,Michael Mcgee,North
3ce9dd84-e961-4dc8-b495-77dedda8895b,2024-04-02,Tablet,Electronics,3,644.45,1933.35,Amber Trujillo,North
7e5f5581-51d0-49f2-838f-942cee749239,2024-06-11,Desk,Furniture,3,96.37,289.11,Natalie Walters,East
1f035578-ae80-4a12-97ae-34f046d62afa,2024-08-23,Jeans,Clothing,4,335.3,1341.2,Charles Taylor,East
2d769fc5-209f-4b0d-a1e9-98b20eb317ce,2024-01-18,Washing Machine,Home Appliances,1,545.67,545.67,Sandra Petty,South
d3d28bac-54c5-47e2-905a-886bf0965279,2023-11-01,Referigerator,Home Appliances,3,802.37,2407.11,Barry Parker,North
13b72b07-82ce-4fe9-86af-df0c4dd52906,2024-04-10,Bed,Furniture,4,33.18,132.72,James Barr,East
15731929-61ed-4698-933c-35b468e7031e,2024-01-26,Smartphone,Electronics,3,484.52,1453.56,Scott Molina,South
0a3f6ccd-3185-47da-ae6d-2ed5d3f40035,2024-02-15,Laptop,Electronics,1,231.46,231.46,Kimberly Mcmillan,South
de209b0c-bb79-4133-940b-4135b08a08e6,2024-09-19,Dining Table,Furniture,4,242.2,968.8,Marissa Watson,North
00718623-a4f6-4bbf-8b44-ee8c5c849779,2023-11-13,Microwave,Home Appliances,10,867.28,8672.8,Olivia Bush,East
6724e1f1-e92f-4414-86e1-79228fbec7ae,2024-09-08,Bed,Furniture,9,851.93,7667.37,Heather Williams,East
e39fb09a-ddc2-452d-a999-2a816ef9c31f,2024-08-07,Sweater,Clothing,3,733.8,2201.4,Kathy Stewart,South
9ab9c1a3-eb5f-4758-b7ea-6294d6d01ffc,2024-09-08,Sweater,Clothing,10,56.05,560.5,Matthew Lee,South
c8863e5f-0502-4d1f-a587-194fa23b70ae,2024-06-01,Sweater,Clothing,5,974.94,4874.7,Dustin Kerr,West
9b00a450-8cc9-4983-bb0a-b4b567d26ace,2024-08-11,Washing Machine,Home Appliances,7,841.63,5891.41,Susan Sutton,East
1d6a40cc-7953-45c3-9722-e388475a887e,2023-11-08,Tablet,Electronics,6,344.01,2064.06,Erin Lopez,South
31a24400-b60d-4c6b-96b1-6b4f9ca69d6a,2024-04-19,Tablet,Electronics,4,644.07,2576.28,Maria Mcguire,East
61bca461-73cf-4291-aa20-391ebea0fa89,2024-02-18,Jacket,Clothing,6,78.3,469.8,Melissa Alexander,North
14ccb8ae-67de-4a12-a955-8e56b50c3b89,2023-12-21,Smartwatch,Electronics,3,333.19,999.57,Benjamin Mitchell,South
055e8370-25c8-486d-84b1-f0a101ed7802,2023-10-05,Bed,Furniture,1,261.52,261.52,Alan Humphrey,West
7475c2ec-6567-420b-ae61-e42c4e8aab9b,2023-10-17,Shoes,Clothing,8,524.95,4199.6,Megan Buck,East
9b750d94-5b78-430f-8e32-db842a0d65bb,2023-12-24,Vacuum Cleaner,Home Appliances,9,326.64,2939.76,Janet Baker,East
378c07fe-8bb8-48b6-a3ff-154883668944,2023-10-03,Desk,Furniture,4,51.78,207.12,Angela York,East
306aa05c-3a0b-44d8-8751-2792ef1bd0d2,2023-10-11,Smartwatch,Electronics,7,21.31,149.17,Angel Robertson,East
bda3e3c6-c151-45cb-abc2-69e9a6ca6d53,2024-06-29,Referigerator,Home Appliances,2,689.34,1378.68,Amy Ibarra,East
536648bd-5ea4-4ad2-a81b-18f4482bd736,2024-07-28,Jeans,Clothing,3,373.65,1120.95,Michael Harris,West
cd4e1492-91b0-442e-a29c-7d0e239582a5,2024-09-19,Sofa,Furniture,8,236.02,1888.16,Kelly Willis,East
47c92f0b-d738-4c2f-b09f-1683642ae1f5,2024-06-04,Bed,Furniture,6,432.9,2597.4,Brian Beasley,North
c6f2b881-da5c-45a6-b2bf-98a573ef2425,2024-01-03,Chair,Furniture,10,437.23,4372.3,Nathan Marks,South
2d52460a-4695-47db-8f66-5047c016da06,2024-07-29,T-Shirt,Clothing,4,710.9,2843.6,George Bates,South
cde3806f-381e-44e3-87fa-5359583fce98,2024-01-28,Bed,Furniture,1,861.32,861.32,Angela Nelson,East
e3ad4363-c2d3-4095-9d71-420503fbe236,2024-08-18,Shoes,Clothing,10,56.54,565.4,Daniel Thompson,South
b27d4282-7774-4040-96e9-aec7b0c25b41,2024-02-28,Smartphone,Electronics,7,63.11,441.77,Kelly Rubio,East
a72c322c-ce63-419e-a95b-3f2b9f15e78d,2024-05-13,Tablet,Electronics,4,359.28,1437.12,Christopher Ellis,West
7aa188af-3161-42c1-8854-210b6f639030,2023-12-03,Bed,Furniture,10,451.81,4518.1,Gabriel Hamilton,East
f4f5bce2-7e0b-47a4-b12e-2552084aa8e3,2024-02-01,Smartwatch,Electronics,6,121.33,727.98,Kathy Johnson,North
0c620168-7b94-4caa-a9a4-3d14773aef1f,2023-12-26,Desk,Furniture,8,407.37,3258.96,Matthew Ferguson,North
aa9dbcfd-ef99-4b70-a034-f3e1a9a73381,2024-06-08,Vacuum Cleaner,Home Appliances,10,631.85,6318.5,Chris Johnson,South
d4722196-5da8-43ae-960c-23bfbeff885b,2024-05-29,Desk,Furniture,5,963.36,4816.8,Gregory Jones,North
eb924263-4354-4991-8fcd-87f47a019ba4,2024-05-18,Referigerator,Home Appliances,3,633.66,1900.98,Randy Smith,North
2c6969e7-104d-4b5b-a9e3-fddef65cc192,2024-01-21,Bed,Furniture,2,690.71,1381.42,Richard Palmer,South
a05fd189-7d15-45bf-9ad9-6237d0114a7a,2024-08-13,Sweater,Clothing,9,983.86,8854.74,Jason Garcia,West
1c4cc27c-b2e9-49ae-a543-db59ca6882ab,2024-07-27,Jacket,Clothing,8,524.88,4199.04,Miss Brittany Lam MD,North
a72aea7c-3ed8-4b3a-aa87-582b59fe9809,2024-03-12,Microwave,Home Appliances,3,315.17,945.51,Michele Ferguson,South
9a646f12-fd04-4ad4-a173-1f12e0ea69cb,2024-07-28,Dining Table,Furniture,2,452.46,904.92,Gregg Clark,East
49d607e6-f42f-48bb-87d0-90f5fb322425,2024-02-03,Desk,Furniture,7,536.34,3754.38,Andrew Smith,East
c708cdab-8601-4f77-a864-59278372cecb,2024-04-09,Jacket,Clothing,2,997.54,1995.08,Jamie Wells,South
d8eb3274-e1c5-4678-b383-ed133205da46,2023-10-18,Headphones,Electronics,7,982.87,6880.09,Jacqueline Frye,East
e329ead2-008a-4268-905a-bf7d25960372,2024-05-07,Jeans,Clothing,9,789.33,7103.97,Jasmine Chambers,West
c24e21cf-eec5-43bf-9d5d-76d8f61ae135,2023-10-09,Sofa,Furniture,9,285.43,2568.87,Sabrina Romero,West
5f7406c2-8fb5-43a5-bd10-0ad009c0afa9,2024-06-15,Sofa,Furniture,1,946.49,946.49,Natalie Mcdonald,South
6e8b5691-b1fe-415d-b705-73315e786a35,2024-02-07,Chair,Furniture,3,754.45,2263.35,Jerry Young,West
417f487b-b9c0-40b4-bf8f-3393a7fa8e44,2024-07-21,Jacket,Clothing,8,665.31,5322.48,Becky Fox,North
643a04ff-8cfb-4f7d-a832-937332bd12fb,2024-03-29,Chair,Furniture,5,128.93,644.65,Jaime Shea,West
eb591514-ee76-4cd3-b6b0-6660c8f69c36,2023-11-12,Jacket,Clothing,10,393.95,3939.5,Elizabeth Hayes,East
4b3d84b9-303e-4dd3-870c-f11a6acb4802,2024-02-07,Laptop,Electronics,2,990.67,1981.34,Regina Mitchell,South
25cc2763-274e-4d38-a960-cab2c6bbf9bd,2024-08-21,Referigerator,Home Appliances,4,111.24,444.96,Nicole Clayton,East
14e1aa76-69f6-41a7-bb07-5a5d77564cf9,2024-01-06,Shoes,Clothing,4,338.85,1355.4,Margaret Rodgers,South
2e4e0bf5-337d-41d0-8296-bb18f587672d,2023-10-03,Desk,Furniture,8,445.15,3561.2,Nicole Williams,West
474a7553-2afc-4277-9e4e-37ce40266a40,2024-07-21,Bed,Furniture,5,348.25,1741.25,Joy Hunt,South
ceba54e9-c1b8-4ae4-a62d-d0bd9a7cf5ff,2024-08-19,Laptop,Electronics,5,144.52,722.6,Jasmine Miller,West
4876a7c0-2bc4-436a-a0f3-909339441d62,2024-01-11,Shoes,Clothing,3,149.96,449.88,Olivia Morgan,West
4a9aeee0-b34c-4574-906e-98f576dd4ff4,2024-03-29,Shoes,Clothing,7,810.56,5673.92,Jennifer Peters,North
19074d4c-e899-46d1-90f0-e1034f97297f,2023-10-30,Sweater,Clothing,8,900.79,7206.32,Roger Johnston,West
128390ed-afcd-4a4d-9b1b-b19ac068709e,2024-05-18,Tablet,Electronics,4,777.21,3108.84,Darren Mendez,West
c9739397-f8d3-433a-adfa-80cb0570db23,2024-01-15,Laptop,Electronics,2,103.19,206.38,Donald Berg,West
7852a766-9b27-4b08-8e42-2606bde952d3,2024-05-12,Smartphone,Electronics,3,80.12,240.36,Samantha Cruz,North
1e3cb74b-c3ba-4712-bdf5-8e705716ba3d,2024-04-26,Jacket,Clothing,6,590.43,3542.58,Samantha Wilson,West
acc1c09c-2d28-45ea-bf85-5bc6418a4693,2023-11-21,Smartphone,Electronics,8,371.65,2973.2,Nicole Doyle,West
545ac874-db9d-4f8a-9e56-fa871c2e4bbc,2024-06-13,Desk,Furniture,8,745.64,5965.12,Michelle Johnson,West
0790f00f-2eed-4060-ab5f-13a91cd1e5b3,2024-08-18,Bed,Furniture,2,604.79,1209.58,Corey Chavez,South
8c5172bf-6aee-4e7e-bbc9-828ff3c92d0c,2023-12-22,Chair,Furniture,10,122.56,1225.6,Jason Walker,South
afafcf3b-49a4-4ca6-9a4e-21784ce8aca0,2023-10-17,Sofa,Furniture,3,166.55,499.65,Michael Russell,South
7aa8a60b-3de1-45a5-aca1-2bf82f09af65,2024-05-11,Washing Machine,Home Appliances,3,346.19,1038.57,Nathan Vaughn,South
2579def8-180a-4c0d-8b2e-d410526ed364,2023-12-23,Bed,Furniture,6,935.03,5610.18,Jamie Jones,East
59885219-3678-43f5-9c18-65baec408e82,2023-12-02,Tablet,Electronics,2,209.65,419.3,Stephen Howard,North
04e13f46-d271-4e48-9fec-84d4d1c46d03,2023-12-17,Tablet,Electronics,1,555.37,555.37,Kyle Hernandez,East
29b52a2f-9b3e-44ca-b78d-9ed039962787,2024-05-30,Microwave,Home Appliances,8,640.72,5125.76,Jeremy West,North
c74baea5-7bc6-460e-a19d-877a1b991a81,2024-03-17,Smartphone,Electronics,2,992.56,1985.12,Michael Phillips,North
f37cfc63-6636-411e-b362-de3a20c41ca4,2024-05-17,Vacuum Cleaner,Home Appliances,1,534.3,534.3,Christopher Thompson,North
efbadca6-b4d6-48b8-92ed-d94cf790b477,2023-12-04,Sweater,Clothing,10,432.78,4327.8,Anna Garcia,East
0815d3ae-3954-4114-9da8-6612918b4f8f,2024-08-28,Tablet,Electronics,1,138.56,138.56,Lisa Butler,West
02d9db82-5ee0-425c-ae53-e0e2fc78a4c6,2023-10-03,Chair,Furniture,10,897.86,8978.6,Luis Goodman,North
b6215fa1-0bb6-4d63-9bc1-040299d43fa1,2024-06-21,Bed,Furniture,8,290.22,2321.76,Stephen Zimmerman,East
c96a17fa-0ec9-4841-8ca9-0a77140687db,2023-10-30,Dining Table,Furniture,3,240.52,721.56,Pamela Kaiser,West
b0fd27a9-eb6e-4e4c-97f8-af69a5ea2df2,2024-02-25,T-Shirt,Clothing,3,140.35,421.05,Antonio Johnson,South
dec6fdb0-666b-40be-9756-15420f4985d9,2024-07-25,Tablet,Electronics,7,420.63,2944.41,Amber Gibson,East
708a9002-1423-4a99-a822-807e32ec1591,2024-02-16,Microwave,Home Appliances,2,308.87,617.74,Pamela Green,North
2d50f65b-3009-4028-97ce-0dd01d792e4e,2024-03-31,Jacket,Clothing,8,751.77,6014.16,Tracy Zamora,North
84f7e341-2bf0-4895-b8ce-7c2e6552cb31,2024-04-28,T-Shirt,Clothing,6,133.75,802.5,Michael Oconnell,West
727e18e3-49d9-45a6-b7b7-0efbf97d7526,2024-06-28,Dining Table,Furniture,2,791.54,1583.08,Tammy Macdonald,East
5d35d984-cc79-48de-9ab5-271e57f02779,2024-02-28,Tablet,Electronics,9,651.29,5861.61,Sylvia Miller,North
2468ca31-9daf-47ab-9975-6eefb0d3f117,2024-04-12,Sofa,Furniture,5,768.59,3842.95,James Vargas,North
93eb9310-82fc-4e11-b30d-4a3384010297,2024-03-20,Dining Table,Furniture,1,486.58,486.58,Jack Singleton,West
f6a0cb7e-1e0f-4609-9953-8e7e27712205,2024-05-30,Chair,Furniture,6,123.53,741.18,Desiree Reyes,South
28c89234-9421-4bee-91b4-7edc35845a96,2023-12-06,Sofa,Furniture,6,662.11,3972.66,Maria Weber,North
26a17d37-935c-4e97-a053-70e3e2ca25bb,2024-09-09,Washing Machine,Home Appliances,8,534.26,4274.08,Travis Lewis,West
e0275ddc-dafa-49f8-b7ff-6a58be46a5ae,2024-02-18,Vacuum Cleaner,Home Appliances,7,566.27,3963.89,Mindy King,North
60f62956-ed55-469a-9039-eb3a380b2c6c,2024-02-10,Headphones,Electronics,2,241.1,482.2,Teresa Moss,West
81f87867-acf3-4422-bafd-31ce55f03251,2024-09-21,Jeans,Clothing,7,802.8,5619.6,Richard Watson,North
c1ce1811-ca7a-4e40-9108-461160ead68b,2024-01-28,Washing Machine,Home Appliances,2,756.92,1513.84,Lisa Howell,West
5f29ae5b-152c-4fae-8d82-b76c32fba390,2023-11-25,Sofa,Furniture,5,761.33,3806.65,Paula Hutchinson PhD,East
169bd122-d680-472e-aeda-eac7bb29ac90,2024-03-11,Jacket,Clothing,1,838.83,838.83,Mr. Albert Bennett,South
121f5bd5-0295-49c5-94b6-55d2a8c98fdf,2024-05-23,Smartphone,Electronics,1,525.94,525.94,Kimberly Hardin,South
614c565f-ec69-4de5-870c-793b544667f7,2023-10-21,Laptop,Electronics,1,147.41,147.41,John Carter,South
c3d21654-6e58-4d46-8e5b-afe6adc90462,2023-11-21,Sofa,Furniture,7,380.11,2660.77,Anthony Fuller,South
e9eb617a-d981-4892-bd8c-db08dea4ff1a,2024-07-26,Dining Table,Furniture,3,110.96,332.88,Donald Nguyen,East
ca11a76c-9c5f-4be4-90a8-71e25027a06e,2023-12-30,Sweater,Clothing,4,786.44,3145.76,Tony Miller,South
75b81482-b60c-40e2-bb55-92d7f999e406,2024-02-25,Microwave,Home Appliances,2,55.91,111.82,Scott Richard,South
a2ef0c71-2b9d-49b1-947e-608bffcf0f0d,2024-06-22,Dining Table,Furniture,8,118.54,948.32,Catherine Craig,South
65361723-93c1-4f81-913c-6d1ef63403fb,2023-10-10,Shoes,Clothing,6,138.79,832.74,Nicole Pham,West
e7a7d898-255e-433f-a4cc-95b461d27070,2024-04-06,Dining Table,Furniture,9,487.18,4384.62,Kristen Bruce,East
395b8744-0a4b-4e26-ac29-ea4d313ab0b8,2023-10-14,Sweater,Clothing,7,285.23,1996.61,Kelly Smith,South
86e6d7bc-9974-4b74-b939-ca83a607b4be,2024-06-06,Washing Machine,Home Appliances,2,41.01,82.02,Marilyn Rose,East
00add282-e6fa-4351-aba4-77e99ec9ee4a,2024-07-12,Shoes,Clothing,3,923.97,2771.91,Michael Schwartz,North
10f7f114-a08e-4972-9954-d94718cc3284,2023-12-16,Microwave,Home Appliances,1,702.17,702.17,Wesley Mccoy,South
258f9b9f-1244-4574-aa26-8ab64dad0685,2023-12-01,Sofa,Furniture,4,459.22,1836.88,Samuel Salazar,North
c706fd0e-0ee8-47f3-b5b7-7f36b130d4c9,2024-01-12,Sofa,Furniture,2,32.86,65.72,Anthony Lopez,South
622dc670-8edd-4f3d-82fe-f8c8ef42ee64,2024-01-12,Desk,Furniture,1,456.27,456.27,Justin Webb,West
90f06eb9-b063-43a3-9819-3e00f16fc4cc,2024-05-01,Jacket,Clothing,1,965.8,965.8,Joe Ortiz,South
ab65cb9e-da16-4d39-b533-627aaa60aaea,2024-08-19,Smartphone,Electronics,1,876.44,876.44,Susan Bell DVM,East
39e04cd4-c517-44d8-9f25-58eeb3bf7560,2023-12-07,Bed,Furniture,7,26.01,182.07,Trevor Wilson,West
ad436367-bf26-4636-8707-f807e2d853e5,2024-08-12,Shoes,Clothing,4,904.05,3616.2,Susan Russell,North
6e62a7b1-514e-4461-86cc-e1c14792db04,2024-03-01,Jacket,Clothing,10,225.26,2252.6,Joel Wang,East
9932a6b4-0aff-4672-9f94-2fe3c2a78fc6,2024-05-27,Sweater,Clothing,9,929.36,8364.24,Geoffrey Vincent,South
2400d6bd-dac7-43b3-854b-e8cbf0579954,2024-04-13,Jacket,Clothing,9,512.18,4609.62,Joshua Johnson,South
05972c7c-86fc-45d8-a8f7-540d71442fcc,2024-07-08,Tablet,Electronics,9,891.13,8020.17,Donna Lindsey,North
75dfbcf8-e300-4794-b1fc-92559675e1d3,2024-04-13,Sweater,Clothing,7,987.4,6911.8,Tonya Wilson,South
e6395a00-82be-42f4-9cc9-fa1e2775c6f0,2023-10-04,Jeans,Clothing,7,415.52,2908.64,Stephen Fritz,North
fa4356d9-d650-4600-a7e3-98c5489530f9,2024-01-23,Tablet,Electronics,3,869.25,2607.75,Michelle Hamilton,South
0d5f1595-e89f-4f12-a5a4-30bd1e4aee9f,2023-10-15,Dining Table,Furniture,6,678.37,4070.22,Tanner Gonzalez,East
931f19f2-af00-4b04-a01f-5775a3efbd27,2024-03-06,Headphones,Electronics,7,185.54,1298.78,Victoria Molina,North
82be9583-6dc7-475e-bf26-efe2e8e899bd,2024-09-11,Washing Machine,Home Appliances,2,70.68,141.36,Jeremy Kim,North
f8dec0d3-5ed0-406a-b012-c689dce9f9ff,2023-11-12,Headphones,Electronics,6,939.37,5636.22,Frances Phillips,South
86fb6265-6409-48ae-bff0-0783fa9df902,2024-01-19,Sofa,Furniture,5,815.32,4076.6,Gabriel Davis,North
3c46d9ff-2bdf-483d-b8e3-ae31c3766483,2024-05-10,Headphones,Electronics,9,481.05,4329.45,Connie Jacobs,East
f6b3876d-256e-4769-9256-cec6558243e3,2024-06-19,Smartphone,Electronics,3,636.91,1910.73,Mr. Eric Roach,West
9b02b83e-32c9-4b8e-b294-2fc9d6ed137f,2024-02-02,Sweater,Clothing,5,887.93,4439.65,Mark Harrison,East
0349d1a1-98b4-42f9-9d70-d2c9d514364b,2024-02-20,Smartwatch,Electronics,10,595.36,5953.6,Dr. John Pratt MD,North
03f14364-6577-401b-80e8-7a1572dad70a,2024-02-14,Jeans,Clothing,3,737.2,2211.6,Kimberly Day,East
29018fb9-b5b7-4f3d-93d9-f1b963a0236d,2024-01-18,Desk,Furniture,9,184.27,1658.43,Kathleen Rice,West
2ab7c7f1-6db9-4d6c-b0f4-283154416084,2024-08-30,Headphones,Electronics,10,623.44,6234.4,Mr. Charles Young,South
19006519-f189-4600-af37-491ecb65685c,2024-01-08,Headphones,Electronics,1,100.74,100.74,Carlos Berry,South
0a7c014d-e7f0-48ca-83dd-0bede227969b,2024-04-24,Tablet,Electronics,7,114.45,801.15,Crystal Perez,South
fd7781e7-3ca5-4961-9920-4c4529c54cb7,2024-01-08,Dining Table,Furniture,4,816.21,3264.84,Donald Hernandez,West
9f9478fd-9256-4aeb-af0c-324a1d84f93c,2024-04-05,Headphones,Electronics,1,862.9,862.9,Barbara Garcia,North
d0c9aa99-cb78-42eb-940f-4ce350dfd563,2024-04-25,Jeans,Clothing,1,39.09,39.09,Sarah Myers,East
924bbae9-aee4-43b1-9dbe-8ccdbb2ea446,2024-01-13,Jacket,Clothing,6,531.66,3189.96,Kristina Sanchez,West
eda1481a-83fa-4e3c-93ec-e17c215d6791,2024-03-19,Washing Machine,Home Appliances,4,434.64,1738.56,Sherry Taylor,North
d3904c17-a63d-45e6-836a-5358c2d473b5,2023-12-29,Microwave,Home Appliances,5,572.41,2862.05,Laura Charles,North
6c97383c-0ddd-4456-88ba-6a95abc73e38,2023-12-09,Desk,Furniture,10,692.69,6926.9,Taylor Dean,South
e0364514-b0cc-4ba3-b9c7-1baf48bb2a3b,2024-09-28,Washing Machine,Home Appliances,4,960.88,3843.52,Eugene Stephens,North
0d02a5c1-a2ae-4247-b7dc-1a989c289405,2023-10-16,Microwave,Home Appliances,7,296.61,2076.27,Stacy Martin,West
207485a0-a69b-4fd8-9b40-6c7ff10f3d80,2024-05-02,Jacket,Clothing,8,774.73,6197.84,Eric Rocha,East
daece4a0-5751-4217-b14f-91fa284d93c7,2024-08-29,Dining Table,Furniture,10,571.95,5719.5,Stephen Watson,West
338dd5a4-a3c7-4bef-a6b2-910ca7334984,2024-08-08,Jacket,Clothing,4,822.0,3288.0,Michael Robinson,South
696f977f-0b6b-43cc-82c9-ad6b80a12b92,2023-12-12,Jacket,Clothing,4,237.99,951.96,James Miller,East
0965e020-53a4-4f99-8b00-5904e26cde5a,2023-10-10,Shoes,Clothing,2,74.58,149.16,Jennifer Campbell,North
4fefe737-574e-4ff8-9bb5-06c8ffa1aefe,2023-11-06,Laptop,Electronics,8,789.28,6314.24,Eric Sutton,South
94883b0b-4d9b-4b37-ab09-c2f02c8be4a8,2024-09-15,Sweater,Clothing,3,261.98,785.94,Janice Hamilton,West
594f46ec-a55c-49c6-8d56-accfafa8cf49,2024-05-26,Sweater,Clothing,1,808.24,808.24,Sarah Smith,East
d6fd0922-f0df-404c-8ae5-4177b8b561d8,2023-12-09,Sweater,Clothing,10,592.68,5926.8,Laura Martin,East
34c4d52a-07f8-4345-9865-89189b0fcd9e,2023-11-15,Vacuum Cleaner,Home Appliances,2,856.61,1713.22,David Miller,North
bc5ceca2-b6d9-4db9-b607-46dce4d4b870,2024-05-19,Laptop,Electronics,2,195.65,391.3,Angel Harris,North
808c0bd1-eec4-44d9-84e8-191da4650997,2024-03-31,T-Shirt,Clothing,9,30.88,277.92,Michael Ho,West
008e0b55-940c-40ee-98e6-ea74b4038eba,2023-12-17,Smartphone,Electronics,9,559.78,5038.02,William Jones,East
231bfac8-8e40-45fa-9d74-b13c2f2b03e2,2024-08-09,Referigerator,Home Appliances,9,548.9,4940.1,Timothy Davis,West
7f170d22-5001-4ff9-9ebb-f5fdda42169d,2024-09-02,Smartphone,Electronics,1,439.03,439.03,Austin Edwards,South
ffaafd5c-fb11-4afb-b564-e8fc3fd0092c,2024-01-02,Referigerator,Home Appliances,7,140.14,980.98,Fernando Tate,West
5f0e894a-ab63-4483-a628-44eb8bd80bb9,2024-08-12,Tablet,Electronics,2,758.73,1517.46,Paul Gonzalez,South
cb5eedae-2d17-42d7-952b-d6f5015c7836,2024-07-31,Referigerator,Home Appliances,5,795.92,3979.6,Courtney Walton,West
57820329-1be3-490c-812d-43db179fc89b,2024-04-02,Jeans,Clothing,1,156.23,156.23,Amanda Bentley,West
423092f1-5a8b-45ba-a0fc-64ca70e5aaa3,2024-06-09,Desk,Furniture,5,453.26,2266.3,Stacy Ingram,West
09af295b-e09f-4418-9ed0-d7a089f0a474,2024-03-14,Bed,Furniture,8,62.75,502.0,Ariel Ward,East
56c354bf-8ec6-4660-b08c-78be4f8c2713,2024-07-31,Microwave,Home Appliances,4,696.11,2784.44,Jennifer Kelly,West
f80501c1-a6a7-4cd6-9794-f247d9be467e,2024-03-07,Chair,Furniture,1,762.56,762.56,Andrea Ortega,South
9e7fd7e3-5397-42ae-9831-a066cf2cc029,2024-06-02,Jacket,Clothing,1,786.3,786.3,Jeremy Reid,South
f37f6fa1-1e74-4db8-b786-b04f83720ebd,2024-06-14,Bed,Furniture,3,100.57,301.71,Randall Burton,East
54b713d1-dfcc-4a63-bff5-1d645e305056,2023-10-13,Jacket,Clothing,2,614.54,1229.08,Joshua Martinez,West
cd39c379-a6c3-4603-9922-c99368d3efd3,2024-05-27,Washing Machine,Home Appliances,8,448.15,3585.2,Harold Cross,South
069a358d-ad43-46fa-931c-2d8cd58a71ed,2023-11-19,Washing Machine,Home Appliances,9,843.72,7593.48,Kyle Cameron,West
1f0e3e46-832e-40e4-aa7f-e4d969e5681a,2023-11-03,Smartwatch,Electronics,3,468.73,1406.19,Gregg Quinn,South
604acfa9-f6f9-4849-a607-3356b3fb0b5c,2024-03-02,Headphones,Electronics,5,747.5,3737.5,Chloe Morrison,North
ac453812-9035-4aff-8bfa-4eef41a4d184,2024-04-24,Laptop,Electronics,4,231.24,924.96,Gail Wood,West
5085abd7-78a3-45ad-9f46-30f42154e0f6,2024-07-18,Shoes,Clothing,9,185.63,1670.67,Maria Baker,East
d22eab6f-af41-4ab5-96d8-6aacced00b0c,2024-06-22,Smartwatch,Electronics,5,845.12,4225.6,Blake Collins,North
8d00b213-61e0-4b32-9fd0-5eea826e1bbf,2024-04-16,Laptop,Electronics,3,157.13,471.39,Brittany Huff,South
ecd98e49-42d1-47b1-842c-80a95a7faea6,2024-02-25,Microwave,Home Appliances,1,443.85,443.85,Patrick Smith,North
45fbf2cc-e099-45a7-8296-60b2400ef637,2024-08-03,Jeans,Clothing,2,232.73,465.46,Edgar Martin,North
b449c2c5-40af-4bbb-bb30-2edd8e5042fd,2024-02-20,Headphones,Electronics,9,545.3,4907.7,Brandon Roy,South
36ff485b-71e9-459a-a48e-7d4701d30ae4,2024-05-14,Chair,Furniture,6,258.63,1551.78,Kenneth Bennett,South
01bdb006-45a6-4b07-92c2-4f7ebe10262a,2023-12-09,Jeans,Clothing,8,160.06,1280.48,Mrs. Abigail Vargas,South
5d8459ec-dc50-45ce-96c5-1032f0ebca38,2024-08-11,Bed,Furniture,5,55.07,275.35,Melissa Reid,East
49ef6cc1-795f-4076-be81-3cff02221e13,2024-02-12,Vacuum Cleaner,Home Appliances,8,469.98,3759.84,Cory Grant,West
43c69d07-90c2-4049-b98e-ab66f854e023,2024-09-16,Sofa,Furniture,4,769.11,3076.44,Adrienne Zavala,West
449aaa3d-117d-4af4-9979-5262c038f9e4,2023-10-03,Microwave,Home Appliances,9,891.66,8024.94,Heather Holland,North
7575ec5b-4940-4b4f-a20d-b88baf0f3a47,2024-02-10,Sweater,Clothing,4,87.51,350.04,Julie Hernandez,North
765246a9-9578-4c0c-8dcd-75aa39100c56,2024-02-20,Dining Table,Furniture,6,515.11,3090.66,Jason Wu,South
616ad52f-54bd-42fa-9c25-b6a428845299,2024-02-22,Tablet,Electronics,3,318.15,954.45,Bryan Manning,West
9833df67-a58c-4acd-b977-b3759deebeb2,2024-02-10,Chair,Furniture,1,556.32,556.32,Doris Murphy,East
fe66a943-30bc-4a90-ac51-c79f345b22ad,2024-01-07,Shoes,Clothing,10,372.72,3727.2,Brenda Becker,South
4bde23b1-82ba-4aac-b128-cb5773f1ed35,2024-03-27,Vacuum Cleaner,Home Appliances,9,952.83,8575.47,Jeffrey Wilson,North
a7f735a9-9b48-4003-a809-3555d53e7ca3,2024-01-05,Jacket,Clothing,2,741.71,1483.42,Joe Acosta,North
67144bbb-4ed0-4c2e-b06e-e32ce9387cfc,2024-07-05,Chair,Furniture,2,969.41,1938.82,Marie Donaldson,North
05ad3616-f84c-44fe-ae83-e16a416cc511,2024-02-25,Shoes,Clothing,1,268.67,268.67,Timothy Brooks,East
42b15094-d83e-46f7-8e1d-007041826339,2024-08-19,Jeans,Clothing,3,770.23,2310.69,Anthony Perry,North
0f87759c-3482-4177-aa80-9dd9fbe73c2f,2024-09-29,Headphones,Electronics,3,44.52,133.56,David Anderson,North
c4616e4e-f913-4830-b832-d41f9ff31d10,2024-01-23,Jeans,Clothing,2,731.94,1463.88,Brian Griffith,West
184a0273-a5b1-4d2f-8d13-ff3b6a01fe54,2024-01-19,Referigerator,Home Appliances,4,169.26,677.04,Sean Delgado,West
d242996e-3592-4d6a-a390-e64a9583689e,2024-09-14,Jacket,Clothing,5,898.22,4491.1,David Wiggins,East
d457a256-9af3-4291-85e1-237454fe813b,2023-11-28,Sweater,Clothing,1,885.26,885.26,Michele Torres,West
071239a8-200b-4f0f-8373-5a549ed3424a,2024-02-24,Headphones,Electronics,4,320.87,1283.48,Deborah Higgins,West
be2cd70b-30ff-45af-9e3e-f78d98e8f712,2023-12-09,T-Shirt,Clothing,8,420.37,3362.96,Jamie Murphy,East
1225a6a5-46b4-424a-99d3-b3ab883480ce,2023-10-25,Referigerator,Home Appliances,5,261.45,1307.25,Mercedes Brown,South
ced2bf53-cb22-4798-9b69-28da329cc79f,2023-10-20,Referigerator,Home Appliances,1,862.31,862.31,John Barton,East
5702d010-0866-4ca7-8db4-0d4aad44fa47,2024-07-14,Tablet,Electronics,8,529.45,4235.6,Jenna Williams,South
7a9cf278-29ca-4b20-b5b1-332c725e0827,2024-06-20,Sofa,Furniture,7,454.67,3182.69,Wesley Jordan,North
258a397f-9941-4f4c-acf4-c4567db5897e,2024-04-16,Sofa,Furniture,1,553.47,553.47,Frank Rojas,East
ed3a7b7f-cd17-4679-a4d2-04bacf473028,2024-02-01,T-Shirt,Clothing,6,202.08,1212.48,Laura Frederick,North
955b12ca-8a42-428a-806d-d9555ef78c17,2023-12-12,Jeans,Clothing,7,246.75,1727.25,Vanessa West,South
5c386893-0263-465a-a757-def37f910110,2024-03-26,Referigerator,Home Appliances,2,53.47,106.94,John Barnett,North
7e0f04e1-3d12-4e7e-8c29-319e6ef4f0f7,2024-05-15,Sweater,Clothing,3,322.23,966.69,Victoria Jones,West
816a338d-4e4f-4ae9-b383-96dffd5dc925,2023-10-15,Sofa,Furniture,9,200.98,1808.82,Sherry King,North
0f5ad5d7-ab1d-4f00-950a-f47ef2b7317f,2024-04-14,Desk,Furniture,1,476.97,476.97,Christopher Robbins,South
02e34c60-66dd-4702-a0ea-f76cbb759e28,2024-06-04,Smartwatch,Electronics,7,221.32,1549.24,Alicia Jones,North
4110f950-7f4c-45e0-97b1-e0c885b479d6,2024-03-28,Dining Table,Furniture,10,911.37,9113.7,Brandon Robles,North
c971f63f-c707-4254-8911-2f8834d3b92a,2024-07-27,T-Shirt,Clothing,3,481.88,1445.64,David Hoover,West
a516b26a-b30d-468d-85e8-2a3ef0d900a2,2024-07-30,Bed,Furniture,10,466.09,4660.9,Shane Romero,West
2e2b6cdb-f1c9-4b26-989f-2bdf4e0a5209,2023-11-07,Sofa,Furniture,10,53.93,539.3,Mrs. Amanda Moore,East
3dfcaebf-551c-4b89-896a-ec79bf2906de,2024-07-11,Vacuum Cleaner,Home Appliances,6,347.11,2082.66,Rebekah White,East
83f08b94-3e7e-424d-b038-1c94bbf1da53,2024-02-09,Tablet,Electronics,9,574.98,5174.82,Cheryl White,South
952b3f5d-ba02-48ca-be4d-13bdd53c008f,2024-05-13,Headphones,Electronics,2,993.03,1986.06,Robert Richardson,South
4e42662e-f8e3-4cee-b6b1-878e26d35ec8,2024-08-24,Tablet,Electronics,8,166.48,1331.84,Kristi Nelson,East
d7c6238e-2750-4090-8b54-ffb8fad3025d,2024-03-14,Desk,Furniture,6,822.65,4935.9,Karen David DDS,North
0909dcd0-bcdb-46b9-ab9e-3d3ec58a0474,2024-07-11,Smartwatch,Electronics,6,735.53,4413.18,Christy Keller,North
91f95d14-4e90-4d16-ab44-690bef609deb,2024-07-26,Chair,Furniture,2,296.27,592.54,Ernest Kelley,South
f5323abe-5dda-400a-8b90-0ce29e03315a,2024-01-21,Microwave,Home Appliances,7,516.26,3613.82,Jonathan Mann,East
2a112762-6d6b-45eb-ae73-6642a8636c31,2024-09-04,Microwave,Home Appliances,2,873.25,1746.5,Gavin Noble,West
602c7f29-4fb2-4d5f-b750-90c9c28a33bf,2024-06-09,Smartwatch,Electronics,3,212.91,638.73,Jose Thornton,North
32dd016c-2189-4d6d-93bb-0f546b57f814,2023-11-21,Vacuum Cleaner,Home Appliances,7,392.8,2749.6,Peter Sims,West
417ab760-2052-4115-a13c-cb963f792f96,2024-08-25,Shoes,Clothing,4,351.56,1406.24,Alexander Hamilton,South
c6f2a117-25ad-407b-aa51-126a81dedeb4,2024-09-23,Headphones,Electronics,7,19.08,133.56,Kyle Thompson,West
33dd7b0c-e52a-4f76-bf65-20b3ed02eb52,2023-10-17,Smartphone,Electronics,3,445.08,1335.24,Jonathan Stephenson,North
d0cbf260-09a6-4cd8-af11-214996e4cefb,2024-06-17,Sofa,Furniture,8,548.16,4385.28,Bradley Duffy,South
30a7a0c3-2675-48dc-949b-d3efbe0f6fd7,2024-04-19,Referigerator,Home Appliances,10,508.4,5084.0,Kristine Jackson,North
6e74fb92-36f6-41a8-bdbd-143306bff102,2023-12-28,Sweater,Clothing,1,529.13,529.13,Malik Gibson,North
5c8673d0-28cc-46ae-b074-ea95b0ffd5a5,2024-04-17,Desk,Furniture,5,598.75,2993.75,Crystal Stanton,North
2261a844-e997-48cf-917f-59d93f5ac4ab,2024-04-11,Headphones,Electronics,2,201.27,402.54,Michael Price,South
7b3b53e4-bcf0-411f-b150-356357575318,2024-06-09,Jeans,Clothing,6,349.29,2095.74,Jessica Garrett,East
10bfa5ac-bffd-46d0-8fa6-a6598d918a1b,2024-07-03,Vacuum Cleaner,Home Appliances,1,557.35,557.35,Matthew Mccoy,East
93ec272c-6365-4570-b7f1-b7fb3adb6af4,2024-07-15,Smartwatch,Electronics,8,518.34,4146.72,Judy Richardson,South
a38236da-89ae-4052-973c-916afda32914,2024-09-18,Shoes,Clothing,2,417.2,834.4,Kathryn Shepherd,North
a35e6e31-8eb7-42f9-84c3-5b02fa06f718,2024-09-13,Shoes,Clothing,7,11.49,80.43,Sheri Kelley,West
c5e23485-2b95-4816-89ff-1236e975c863,2024-03-28,Referigerator,Home Appliances,10,751.97,7519.7,Erik Williams,West
0423a996-fb49-4f9c-9a14-97615aaa9902,2024-07-07,Sofa,Furniture,9,421.02,3789.18,William Moore,South
46967606-3d50-42c2-82df-8f30388fb5e7,2024-01-18,Chair,Furniture,9,743.84,6694.56,Sherry Davis,North
faf755cf-7fce-49e6-8d07-37208ba5ad34,2024-01-30,Washing Machine,Home Appliances,6,490.56,2943.36,Anthony Meyer,South
dd004b10-21d1-401e-b83d-5e67fc36886a,2024-04-30,Sofa,Furniture,5,98.94,494.7,Robert Perry,East
bd1dc6d8-f17a-4d02-b5cb-40973ab03eb9,2024-05-11,Tablet,Electronics,10,674.76,6747.6,Michael Baker,West
90c4ba0f-4c2d-47f9-a415-351a493c2f54,2024-08-24,Referigerator,Home Appliances,6,266.88,1601.28,Amy Murphy,South
70b2309b-decf-4ddc-b021-8fc8c0d80387,2024-06-03,Shoes,Clothing,2,479.46,958.92,Holly Brown,West
68772b09-d5f7-4576-bdd5-4f85c15f0246,2024-04-25,Vacuum Cleaner,Home Appliances,7,922.86,6460.02,Hunter Serrano,East
109e02d8-c9f2-4d1e-9f75-a7003bbe6cfc,2024-06-30,Tablet,Electronics,2,730.63,1461.26,Michael Scott,South
f3899e7e-c57e-4d3b-8ca3-6d4de06927e8,2024-04-17,T-Shirt,Clothing,6,822.0,4932.0,Dr. Katie Buck,North
9d5eec03-1ecf-4672-b170-f0fa45c48f92,2024-06-28,Sweater,Clothing,10,483.48,4834.8,Joshua Smith,West
11298afe-98f0-4d84-a3c0-949a43915c28,2024-04-23,T-Shirt,Clothing,1,668.38,668.38,Martha Montoya,South
9507cde5-25b2-41a9-b2bb-b37d9909ca23,2024-03-17,Washing Machine,Home Appliances,6,629.75,3778.5,Jonathan Warren,West
12847db9-857d-4be2-a95b-2321b5b4b0b3,2023-10-27,Jeans,Clothing,7,615.13,4305.91,Michael Dunn,West
54654279-f0c9-4258-918b-f6a8e858c410,2024-07-11,Microwave,Home Appliances,9,113.17,1018.53,Alexander Wilson,South
c4426731-e30d-4730-aebb-f01a527b43da,2023-11-05,Desk,Furniture,1,814.86,814.86,Brianna Rios,North
41da9675-c9c5-4c5a-8877-bb65bf950a22,2024-03-13,Jeans,Clothing,3,25.42,76.26,Calvin Stevenson,East
0baa46f2-6589-45cc-bde7-9eb917ff4aa3,2023-10-11,Laptop,Electronics,10,725.5,7255.0,Greg Johnson,East
a599ea9f-892d-4576-8682-102a3a839857,2024-01-22,Jeans,Clothing,1,815.31,815.31,Daniel Shah,East
36bef6be-6f80-45ef-be8c-c5ead8722978,2024-06-03,Smartwatch,Electronics,8,766.38,6131.04,Robert Morris,North
5197f7d7-13d6-4022-ac53-940d5446f204,2023-12-07,Jeans,Clothing,10,869.02,8690.2,Scott Moss,North
3bcf1cb5-c908-448a-afcc-5f1c78c980c8,2023-11-30,Smartphone,Electronics,8,878.4,7027.2,Melissa Gray,North
fbd3f066-a93f-4a67-a382-6eae6c5d2e17,2023-10-04,Sofa,Furniture,10,291.28,2912.8,Ann Gonzalez,West
2dc5f617-2e17-41e2-a3ac-80e74268dec7,2024-09-13,Smartwatch,Electronics,5,609.78,3048.9,Joshua Martinez,West
8c57c8f5-ba98-4483-941e-255a38044f1f,2024-06-09,Sweater,Clothing,6,428.59,2571.54,Wesley Hines,North
3446bf84-c0d8-4f55-85bc-ca01e7a316a5,2024-07-01,Sofa,Furniture,5,100.46,502.3,Joel Brown,North
78b24d40-3298-41e0-85e2-e740b9087267,2024-08-08,Shoes,Clothing,2,654.53,1309.06,Jamie Sloan,North
1d29c7be-6aa8-4fcd-a3e1-d173ac4dc96a,2024-06-04,Smartwatch,Electronics,10,947.39,9473.9,Daniel Alvarez,South
a8a6e040-3d7b-4854-b4d6-24e64d0b924e,2024-09-29,Sweater,Clothing,6,396.46,2378.76,James Wheeler,South
181f5788-6c11-49aa-8963-de2b75b44d7f,2024-02-03,Smartwatch,Electronics,2,602.8,1205.6,Albert Clarke,South
2098a840-ab08-4d28-9870-bf57698e283c,2024-08-30,Tablet,Electronics,3,338.47,1015.41,Stephanie Butler,North
ade312ea-20bc-4b46-bb16-fc238987db9d,2024-08-21,Sweater,Clothing,6,542.33,3253.98,Daniel Jackson,North
acfe34b1-915c-4c68-a40a-c6a713412a7a,2024-06-12,Sofa,Furniture,3,876.13,2628.39,David Lester,North
863bde03-f721-4745-aed6-68d85db57d7e,2024-01-21,Desk,Furniture,9,232.48,2092.32,Scott Powell,North
68730d09-dd27-4b13-8ad7-00add80ba49b,2024-05-10,Vacuum Cleaner,Home Appliances,10,390.12,3901.2,Laurie Fitzpatrick,North
dc685847-2e89-4ac5-a0d4-8e64e96d0321,2023-12-22,Vacuum Cleaner,Home Appliances,3,652.01,1956.03,Sean Williams,West
0e409291-ad0e-4998-aa19-debbe61edafe,2024-08-25,Smartwatch,Electronics,3,407.95,1223.85,Kathryn Hernandez,North
e93500ff-0ff6-4255-a6aa-40ca4f1c100c,2024-08-07,Microwave,Home Appliances,6,942.32,5653.92,Blake Hoffman,South
18929445-3b8b-47c2-a5b1-c8d24d5dcf7c,2024-03-23,Washing Machine,Home Appliances,1,305.18,305.18,Jennifer Stevens,West
8e40946c-8499-42f8-8e3b-8336756eb8a6,2024-03-14,Smartwatch,Electronics,10,619.45,6194.5,Mr. Michael Young,East
1ca648f0-2986-4d35-84f3-0b079c470866,2024-05-20,Jeans,Clothing,5,890.49,4452.45,Gina Aguilar,West
5024ebaf-cf69-4324-acd6-e1cb59f17957,2024-01-19,T-Shirt,Clothing,6,184.91,1109.46,Kathy Holt,North
8677dfa3-546e-4aad-90ea-8de9affcecf4,2024-01-20,Sofa,Furniture,7,317.71,2223.97,Ashley Porter,South
b13a9782-9688-4f69-9f33-0dfe9516a596,2024-05-22,Sweater,Clothing,9,432.2,3889.8,Dr. Heidi Jones MD,West
a14b555c-beba-4d6f-b076-5e79eb0149aa,2024-07-03,Laptop,Electronics,4,75.81,303.24,Scott Griffin,South
3ff75909-657c-4a49-8ef0-0c253dad02c6,2024-04-29,Jeans,Clothing,4,832.61,3330.44,Martha Barnes,South
fc6dee5f-1e1e-4243-9634-efdfb2899e72,2024-07-13,Chair,Furniture,7,785.05,5495.35,Katherine Ferguson,West
affd4aba-bce0-4faa-b80c-334d9716967b,2024-06-18,Washing Machine,Home Appliances,6,580.08,3480.48,Christopher Franklin,South
2ffc67c3-a0ad-42fa-bcf2-2ff526f4a689,2024-04-09,Smartwatch,Electronics,8,870.56,6964.48,Craig Berry,West
8bdd36d2-753d-47b3-8d7a-75b16391ad98,2024-02-15,Shoes,Clothing,2,98.24,196.48,Eric Beltran,West
765a0e04-12c4-4a8c-9876-e8465a5e1f94,2024-02-28,Shoes,Clothing,8,56.47,451.76,Amy White,South
71be12f2-4123-43b0-be5c-336d7a107779,2024-08-15,Headphones,Electronics,8,992.61,7940.88,Bradley Baldwin,South
da4834a0-e458-4ca4-8f75-a092cd459c99,2024-05-14,Chair,Furniture,9,809.77,7287.93,Troy Morrison,North
af159387-d828-4b6b-8402-9a4265d84de2,2024-09-27,Tablet,Electronics,7,631.68,4421.76,Jonathan Barton,West
d7264939-926d-4a1a-aadf-c4539345cb7f,2023-11-11,Washing Machine,Home Appliances,3,555.73,1667.19,Kevin Gonzalez,South
978d8cf3-4f44-4201-8b68-eece95dafd44,2024-07-01,Jeans,Clothing,2,698.76,1397.52,April Paul,North
fc3a33e8-6e08-41ca-99d0-61d6e3de6b25,2024-06-22,Smartphone,Electronics,4,561.27,2245.08,Tammy Daniel,West
c02d3f14-9aa4-4dee-b66c-91cc7ddf7cce,2024-04-07,Vacuum Cleaner,Home Appliances,10,297.84,2978.4,Erin Lambert,East
2a1e92c9-ab1b-4672-9e6e-146919123bc7,2024-06-12,Dining Table,Furniture,1,443.12,443.12,Denise Ellis,South
a7c047e5-3f23-480d-9794-d5edc14dd20a,2024-09-16,Chair,Furniture,7,746.72,5227.04,Lisa Mitchell,West
c3529746-4a69-42c3-a92a-b1cd1842c6a4,2024-03-10,T-Shirt,Clothing,1,524.1,524.1,Dwayne Parker,North
724acceb-5822-4f99-88fd-3f6eab21157b,2024-02-03,Sofa,Furniture,6,340.95,2045.7,Jeffrey Waters,East
29d512da-4900-44f4-8a73-a5e240dbce1a,2024-07-13,Smartphone,Electronics,1,656.74,656.74,Eric Fields,East
b6850866-495f-4fdf-8232-22ee2189d9eb,2024-07-30,Sweater,Clothing,7,129.13,903.91,Debra Hodge,South
08c2920a-e16f-4b73-91b3-942674906678,2024-04-14,Smartphone,Electronics,5,675.32,3376.6,Amanda Garcia,North
65ec2ec8-2d2b-4047-9e3f-25988175ad5e,2024-02-16,Sweater,Clothing,5,815.06,4075.3,Kyle Pitts,East
ae45984e-857f-4ea4-8c43-68e73aab458b,2024-05-23,T-Shirt,Clothing,6,237.69,1426.14,Brandon Barker,East
fb153939-222e-4854-9a4f-51bcfcd76aa4,2024-01-04,Sofa,Furniture,10,799.98,7999.8,Kevin Allen,North
71ec8085-2894-4b7e-8b18-de96385be81a,2024-05-23,Desk,Furniture,2,919.62,1839.24,Megan Moore,South
d8c0e223-3881-4f4e-b37e-0c7dcc0de7da,2023-10-31,Desk,Furniture,10,448.86,4488.6,Amy Vasquez,North
3fda52e8-32df-48d5-9ac3-3cc400402c2a,2024-08-09,Laptop,Electronics,8,17.93,143.44,Jamie Scott,East
721a89c9-32b2-4053-a2e2-e0f845a2eb9f,2024-02-10,Dining Table,Furniture,9,515.65,4640.85,Ronald Davis,East
8dc33292-22e8-44c0-b844-6ca68ca447d9,2024-04-05,Vacuum Cleaner,Home Appliances,4,801.17,3204.68,Zachary Leon Jr.,North
390f701f-60fc-48fb-a7a0-238d2fa5db0e,2024-02-29,Laptop,Electronics,4,96.51,386.04,Robert Moore,North
be7e4954-14fd-4f20-a78d-413822336f6d,2024-08-24,T-Shirt,Clothing,4,43.86,175.44,Lori Sharp,North
a32c659e-603d-48c9-8e16-1d0c8d411d83,2024-05-21,Chair,Furniture,8,62.65,501.2,George Phillips,North
362b6833-538a-4df1-b675-a91070ba71ea,2024-05-02,Washing Machine,Home Appliances,8,562.6,4500.8,Michelle Hart,West
777be7d5-e667-4b9c-9971-872bd4d99023,2023-10-19,Bed,Furniture,10,694.86,6948.6,Tyler Johnson,North
ff5061d3-b010-4188-97e5-b77ddcdb996c,2024-03-05,Smartphone,Electronics,10,927.69,9276.9,Jason Black,North
2c5f9556-e10e-43d9-99a3-3e355a72ac3e,2024-01-31,Smartwatch,Electronics,3,890.56,2671.68,Karen Kennedy,North
073fcff3-f485-40f0-b462-3524f1631eaa,2024-08-21,Bed,Furniture,7,264.32,1850.24,Brenda Gilbert,South
2718394b-22b8-4f77-b00a-f863b0070262,2024-08-20,Sofa,Furniture,7,116.0,812.0,Taylor Garcia,East
bb126156-ebfc-421a-85cc-873cbe20fb92,2023-12-11,Sofa,Furniture,8,421.94,3375.52,Brandon Pace,West
8b71fec2-3dab-49ac-bfa5-7cf5f2770568,2024-04-10,Vacuum Cleaner,Home Appliances,8,232.95,1863.6,Joy Moore,East
6d897ded-94b5-453a-8421-2ad8d6e0e422,2024-06-02,Sweater,Clothing,5,552.01,2760.05,Jesse Wang,East
d44c6e93-6f82-4a70-ab56-fc67e8f23259,2023-12-10,Washing Machine,Home Appliances,4,586.58,2346.32,Nathan Lawson,South
4e79f21b-eb71-4fc8-90bd-5ee64da8850c,2024-06-14,Desk,Furniture,8,785.18,6281.44,Kristy Lopez,North
81cb9365-4b9b-4417-bec0-fd84b534d8a4,2023-12-29,T-Shirt,Clothing,8,954.64,7637.12,Brian Rodriguez,North
e1a37d26-7b3c-4f4f-9506-600ed5d39e83,2024-08-16,Sofa,Furniture,5,68.39,341.95,Jessica Ruiz,West
ceed4d6d-bdb8-437c-9bc3-1dfd6c0ad869,2024-08-09,Dining Table,Furniture,4,458.66,1834.64,Jill Morrison,North
ba2c0071-d1a5-4ed3-9984-399091fd9114,2023-12-15,Tablet,Electronics,9,359.54,3235.86,Katherine Simpson,North
ed5c69ce-a198-4443-8b04-f42765d9eef0,2024-05-19,Smartphone,Electronics,3,341.73,1025.19,Renee Ward,West
5f562b96-89ae-44e6-a184-4ca83856dc14,2024-01-05,Smartphone,Electronics,9,975.2,8776.8,Tami Coleman,East
a55984f5-21c8-43cb-9921-03160b74ea70,2023-11-29,Smartphone,Electronics,8,146.84,1174.72,Dr. Walter Bennett Jr.,West
83f02b13-7a68-4944-b650-2d7ca28566d3,2023-12-11,Dining Table,Furniture,5,854.18,4270.9,William Michael,North
f6ace992-c88e-46be-ab1d-d81deac2f097,2024-09-04,Referigerator,Home Appliances,9,255.28,2297.52,Miss Lori Steele,North
96e2cbf4-300f-48ec-8a0e-7d26e72acc23,2024-06-20,Jeans,Clothing,2,839.71,1679.42,Cristina Moyer,North
6b0f380b-c3d4-45f3-82e5-f9f7e74bf9c6,2023-12-26,Shoes,Clothing,4,395.77,1583.08,Elizabeth Chandler,South
56ef0992-01a5-4733-ae1f-0129d7c55626,2024-03-12,Vacuum Cleaner,Home Appliances,3,470.66,1411.98,Ronald Watson,East
5a58390d-ab4d-4e8e-a5ce-c6fb015276f4,2024-08-07,T-Shirt,Clothing,7,704.63,4932.41,Nicole Brown,East
4a2d9cf3-336e-4372-9b41-49fd9c60f991,2024-01-14,Washing Machine,Home Appliances,2,307.87,615.74,Luis Turner,East
a12c0ce3-29b9-42e4-a188-35c46d368235,2024-01-24,Bed,Furniture,3,381.32,1143.96,Claudia Sutton,West
ca51cfe1-edae-4a6f-b156-1a3bbf96ce4b,2024-03-28,Microwave,Home Appliances,5,526.41,2632.05,Nicole Bridges,South
16b86421-b227-4700-a512-7a06f4c79db3,2024-02-19,Laptop,Electronics,6,453.85,2723.1,William Fernandez,West
fa83978f-0614-444a-8b9e-07e91746db53,2024-06-26,Laptop,Electronics,9,20.81,187.29,Brandon Harris,East
adffd93e-dce5-4fa7-ad6d-8966ff68068e,2023-10-19,Chair,Furniture,5,673.97,3369.85,Jordan Lester,East
2f3e30f2-5339-4eb1-ae0f-d9dde928b400,2024-03-16,T-Shirt,Clothing,10,172.04,1720.4,Jeffrey Wilcox,North
b0fc5fe3-d2aa-4689-977d-d6f35bd01fdd,2024-04-11,Tablet,Electronics,3,814.11,2442.33,Jonathan Baker,South
644ea44b-1a16-4e95-8807-47db8637e23e,2024-05-05,Washing Machine,Home Appliances,5,136.33,681.65,Blake Wolfe,North
5205d12b-72bb-46dc-af25-bfe73e91f0df,2024-09-16,T-Shirt,Clothing,9,674.7,6072.3,Brittany Singh,West
6ef09e19-cd9d-40d0-8257-f7d3e0117155,2024-01-12,Vacuum Cleaner,Home Appliances,5,879.79,4398.95,Rachel Lewis,West
d43f5c2e-754c-461b-a561-56cc756dd00f,2024-06-03,Shoes,Clothing,4,424.49,1697.96,Katie Mendoza,East
361cc5ad-d5bb-4fdc-9ee0-2acec007ef49,2024-08-24,Chair,Furniture,10,328.15,3281.5,Laura Murphy,North
b65caf2e-795a-4114-9ce0-0ce24429e26f,2024-07-03,Laptop,Electronics,9,112.11,1008.99,Adam Castillo,South
b42bf221-b4e3-45c3-ba86-50e86a8e8346,2024-02-09,Referigerator,Home Appliances,9,876.0,7884.0,Amy Wood,North
b5fbe51d-15ca-435b-90ac-f3147f87ce01,2023-12-26,T-Shirt,Clothing,10,239.99,2399.9,Eric Terry,West
57372a75-5945-4f1a-92d1-fca44b9600b0,2024-09-22,T-Shirt,Clothing,4,569.36,2277.44,Steven Potter,North
0ac4a081-d20b-427e-bfab-81970a152cf5,2024-03-02,Shoes,Clothing,10,660.46,6604.6,Melanie Bell,North
e0a28989-e6b2-461e-ab2b-24bb9115321c,2024-08-29,Washing Machine,Home Appliances,6,694.46,4166.76,Melissa Sullivan,North
65d6921f-2951-4388-b847-d40e885ebda0,2024-07-27,Referigerator,Home Appliances,2,491.58,983.16,Tyler Brown,East
419143d5-7bd1-490c-809f-14ff3d6af507,2023-11-17,Bed,Furniture,8,922.81,7382.48,Elizabeth Hurst,South
657c83b8-5d22-4846-a292-782850e2cce4,2023-12-01,Shoes,Clothing,6,302.47,1814.82,Jesse Jones,South
1a54fc95-ac61-49ac-8f24-4f9567491460,2024-02-16,Shoes,Clothing,6,197.89,1187.34,Ronald Moore,North
baf8fd32-6984-4ce6-9d64-bd30131cd646,2024-09-10,Vacuum Cleaner,Home Appliances,10,880.69,8806.9,Joseph Odom,South
22504b97-d959-402a-bb26-936f261f5ceb,2024-07-30,Vacuum Cleaner,Home Appliances,1,467.43,467.43,Andrea Phillips,North
af15d5bf-3920-45c0-9850-85b4099c307a,2024-03-12,Laptop,Electronics,3,219.88,659.64,Cheyenne Hall,North
3d1de5cc-1948-409a-afe7-74814da6d06a,2023-12-28,Bed,Furniture,3,276.44,829.32,Johnathan Burns,South
ee2ab986-9059-4a2c-9f6b-f4ebe1a3ecda,2024-04-19,Jeans,Clothing,1,194.85,194.85,Joel Ramirez,South
2c3d9f45-12b0-47a6-99a2-f788375c397c,2023-11-18,Desk,Furniture,8,819.17,6553.36,Martha Williams,East
0d1b5129-5f0b-4433-b45a-cf99837804bc,2024-03-26,Microwave,Home Appliances,1,193.14,193.14,Lauren Cooper,West
256fba62-5dff-4d6f-900a-498ffd408e54,2023-10-17,Washing Machine,Home Appliances,5,556.51,2782.55,Ronald Stone,North
cb939884-52a4-42e1-9b88-56d2affb91d2,2024-01-24,T-Shirt,Clothing,4,518.79,2075.16,Andrew Anderson,North
36484bd6-2521-4d3e-8087-0117d65139b4,2024-02-26,Washing Machine,Home Appliances,4,727.31,2909.24,Joshua Kidd,North
fe172e41-8e76-41c9-8241-5870c28e705f,2024-09-08,Tablet,Electronics,9,712.57,6413.13,Erik Mckay,East
f0fe76a1-16b4-4b46-ae95-a7f2fe6ff2c3,2024-05-01,Chair,Furniture,8,357.87,2862.96,Stephanie Hughes,West
5ec0535d-14c3-4c3a-9c07-c1d64a069721,2024-04-19,Laptop,Electronics,1,48.07,48.07,Christopher George,South
144c6ff2-86c3-4f3b-9a4c-eeaac794874e,2024-06-20,Tablet,Electronics,5,230.62,1153.1,Angela Foster,South
612f4b24-9a04-4547-98ca-22920f9e11d3,2024-07-06,Dining Table,Furniture,8,742.68,5941.44,Derek Villanueva,North
77614052-cff9-480f-95f3-4cbcc455d956,2023-12-22,Chair,Furniture,2,72.01,144.02,Elizabeth Warren,South
e23e79bb-4cf5-406d-a318-aab4abc4c695,2024-07-04,Washing Machine,Home Appliances,9,53.58,482.22,Erica Morgan,East
c0847062-bfbf-48ff-a4bc-52650d4214a0,2024-01-12,Microwave,Home Appliances,6,517.16,3102.96,Thomas Ballard,East
d0aa7f5c-7540-472e-8443-756f0258a798,2023-10-11,T-Shirt,Clothing,6,956.82,5740.92,Connie Murray,South
5c8be1f5-7e7f-4f46-8157-72df0528276d,2024-01-13,Smartwatch,Electronics,10,16.68,166.8,Anthony Collins,North
33e77999-ca4c-41fa-b08a-784f212e100c,2024-09-02,Referigerator,Home Appliances,9,560.1,5040.9,Elizabeth Williams,East
f6618eb5-6c8d-451b-8cae-521c6aa68b2e,2024-06-05,Smartwatch,Electronics,1,305.65,305.65,Jeremy Atkins,West
37706adc-ce37-4c5a-bb4a-865cc39b4852,2024-03-04,Tablet,Electronics,10,464.94,4649.4,Cassie Moreno,East
7b380b0e-7b08-45ed-8910-3715047870eb,2024-07-16,Smartphone,Electronics,8,751.19,6009.52,Kelly Murphy,West
f623c3a4-739c-4941-8c24-cbf06de65493,2024-01-17,Desk,Furniture,6,723.47,4340.82,Lisa Brown,North
dbd89507-89eb-41f1-8714-c9f90cf79dd5,2024-08-14,Laptop,Electronics,10,478.32,4783.2,Victoria Phillips,West
f206185f-9b10-455d-a352-a4c54ab33eec,2024-08-07,Referigerator,Home Appliances,6,804.15,4824.9,Brian Campbell,North
4cb3a2f0-8f3d-4fa0-9982-fd88db12b3d0,2024-07-26,Vacuum Cleaner,Home Appliances,4,74.92,299.68,Steven Tanner,South
d8f29574-8e32-490a-a6b6-61ec94570ad5,2024-08-15,Microwave,Home Appliances,1,385.7,385.7,David Perez,North
b047c477-d023-46eb-975a-57acd20da23e,2024-07-08,Vacuum Cleaner,Home Appliances,1,797.66,797.66,Lindsay Campos,West
2af9b920-72d9-41c3-a5f2-8ba5f565e0a1,2023-11-22,T-Shirt,Clothing,9,856.61,7709.49,Barbara Hurst,South
d6bc66ac-9df3-4c52-a56d-a38487bdc361,2024-07-02,T-Shirt,Clothing,5,643.92,3219.6,Nathan Murphy,East
76d0f963-305b-4832-bc0d-471a7c2114f1,2024-08-09,Referigerator,Home Appliances,8,200.16,1601.28,Mrs. Kayla Richards,North
4112d8c2-d2f6-46a3-9f35-945ea3cc1895,2024-01-12,Shoes,Clothing,5,319.21,1596.05,Brandon Olsen,West
46a72abb-e51e-4b34-bdc0-a1c6a2306c12,2023-10-31,Shoes,Clothing,2,866.87,1733.74,John Carney,South
ee6bc44a-d881-441e-baeb-4ee7aa3eec75,2024-04-21,Jacket,Clothing,8,309.65,2477.2,Margaret Fuentes,West
35820db9-5428-4c1c-8d3f-eb4402a73073,2024-06-04,Laptop,Electronics,9,20.37,183.33,Mark Johnson,South
351fbe91-c4a7-4cfd-9723-442cc7db0fa1,2023-12-30,Dining Table,Furniture,8,204.57,1636.56,Donna Franklin,South
82a80779-0abd-4527-9be4-2a654d3e2277,2023-10-06,Dining Table,Furniture,8,255.33,2042.64,Robert Myers,West
76593ab7-4aa0-4c05-b01b-c595c8925b68,2024-02-25,Tablet,Electronics,5,547.71,2738.55,Kevin Bond,West
2ece41c9-ca11-4ff2-b995-f6698866edbe,2024-02-11,Tablet,Electronics,6,952.35,5714.1,Shannon King,East
2996ffd5-715a-4a7d-8bac-7a75cb5c7888,2023-12-07,Dining Table,Furniture,10,225.65,2256.5,Cassie Robinson,South
ad7d1739-c018-4375-abba-03e9cf270806,2024-03-16,Referigerator,Home Appliances,2,920.8,1841.6,David Lopez,West
c54a6ad8-c0f1-4f66-8b53-f7c3f33b34a5,2024-07-27,Chair,Furniture,1,84.67,84.67,Erin Hansen,North
594a1541-9e73-4dfb-be32-c9ed25eaae38,2024-02-08,Jeans,Clothing,5,222.49,1112.45,Lori Serrano,West
1062c14f-586a-49d0-aea5-3109143fee9d,2024-07-15,Chair,Furniture,5,796.49,3982.45,Nancy Reed,North
660e8439-3e6e-44ea-a0af-00c922b85b6f,2023-10-12,Referigerator,Home Appliances,9,675.94,6083.46,Nancy French,East
23224c60-d3c7-425e-bb99-752f57eb702f,2024-05-06,Smartwatch,Electronics,6,103.34,620.04,Matthew Green,East
2fadee9b-68e4-460e-a402-b3e77ae25f8c,2024-03-06,Dining Table,Furniture,4,157.33,629.32,Steve Floyd,North
1dc48bda-f9bc-4354-8610-6c24a2feb5b3,2024-01-06,Chair,Furniture,3,316.65,949.95,Jennifer Nelson,North
714d2077-7622-429d-94bd-6dfda6e4b13e,2024-04-20,Referigerator,Home Appliances,4,83.97,335.88,Mark Schmidt,South
19f85122-dd9c-4fea-b517-c84af7a2fd1c,2024-03-31,Referigerator,Home Appliances,10,420.0,4200.0,Alyssa Moyer,South
c9731be2-2c79-4e2e-abce-0c5dde7e7b9b,2024-06-04,Laptop,Electronics,6,675.09,4050.54,Christine Williams,West
f1feefe8-f7b7-40dc-b9a6-8c5d72533b9a,2024-07-20,Sofa,Furniture,3,983.44,2950.32,Vincent Murphy,East
11c1316a-1ff4-4ff2-bb44-426a00a045d7,2024-03-14,Sofa,Furniture,6,867.06,5202.36,Joseph Leonard,North
e50b40fc-8e0a-4043-8bbc-ad2996397603,2023-10-24,Washing Machine,Home Appliances,7,168.45,1179.15,Christopher Figueroa,East
398a1d12-5813-495b-ad78-5b2c2ac3669b,2024-01-25,Vacuum Cleaner,Home Appliances,6,44.06,264.36,John Ochoa,North
26345598-e206-4b3a-8be7-3bdee7b4c851,2024-07-19,Washing Machine,Home Appliances,10,356.64,3566.4,Eric Burnett,South
305e10f3-c249-462c-8c41-ff803dc0d4f0,2024-09-17,Referigerator,Home Appliances,1,420.32,420.32,Bridget Phillips,East
101845a2-a24b-4a12-88c2-f782c558ae29,2024-03-13,Washing Machine,Home Appliances,8,321.68,2573.44,Eric Cobb,East
714c85c2-ba75-4ebe-ac36-dca8fd003ffb,2023-11-03,Dining Table,Furniture,9,970.96,8738.64,Richard Adams,North
83fe1723-5b28-4e8f-9a04-b0088c246123,2024-09-21,Jeans,Clothing,1,185.6,185.6,Russell Williams,West
43211b97-826f-4e5c-86aa-a6ee90cf5185,2024-05-17,Smartphone,Electronics,4,764.54,3058.16,Richard Williams,East
75db14d7-1d14-47e4-b7eb-f702acaf34dc,2024-02-02,Chair,Furniture,9,736.48,6628.32,Matthew Hunter,North
f6008f9f-db98-4ccf-8a23-03e5f3e857da,2023-10-04,Washing Machine,Home Appliances,1,172.08,172.08,James Blair,South
62c8ebe8-03c7-4f19-b33a-b11a89fa8a3a,2024-06-23,Jeans,Clothing,7,914.71,6402.97,Kelly Franklin,South
41ac3315-d5a3-46ec-92a9-943771ed24ee,2023-10-22,Sofa,Furniture,10,740.28,7402.8,Larry Walker,South
7826b7d1-f1f3-47e9-b5a0-771aaf3ce32e,2023-11-11,T-Shirt,Clothing,4,133.05,532.2,Terry Nelson,East
dc20bb80-301d-40c7-a4d3-26a27a3cefd7,2024-03-16,Dining Table,Furniture,6,881.92,5291.52,Jessica Gonzalez,South
ef7672fe-ebe1-4fce-a628-2cc42977af21,2024-07-03,Jeans,Clothing,8,612.82,4902.56,Heather Martin,East
09c5f25d-a732-49f9-b468-95f5de672a9c,2024-07-30,Smartphone,Electronics,4,398.75,1595.0,Maria Miller,South
7f4a7da8-f0e4-4a1c-a6d5-f2964b6cf925,2024-02-22,Chair,Furniture,5,185.19,925.95,Katrina Dunn,West
eb8cdde7-df4c-4ba8-b5d6-8524b6ac1631,2024-02-27,Microwave,Home Appliances,2,345.62,691.24,Matthew Valdez,East
f54b0106-6d64-4af5-ba81-8304d8280a95,2024-02-27,Shoes,Clothing,7,937.02,6559.14,Natalie Marshall MD,West
7989a8b5-10e8-4c02-8169-9a8404bf05c9,2024-08-21,Sweater,Clothing,4,225.31,901.24,Christopher Miller,West
1d351da5-e556-43e0-98b6-ea43ede1b76b,2024-09-15,Microwave,Home Appliances,2,388.69,777.38,Kara Knight,North
ede516a6-cbbb-4008-a5f7-75a6c371eb1d,2024-03-12,Tablet,Electronics,7,853.76,5976.32,Heidi Farrell,North
ae4bcc7b-93c0-4c21-965e-799bb82f6484,2024-08-08,Desk,Furniture,9,968.45,8716.05,Emma Johnson,North
809b84c4-35e7-45f2-a782-336590361b40,2024-01-14,Tablet,Electronics,8,748.04,5984.32,Joshua Ford,East
c2bfbb87-a1b3-4701-836a-62fcc153cff0,2023-12-18,Smartphone,Electronics,1,894.24,894.24,Michael Clark,North
c92084e9-2f7c-419c-ba1c-024a6f6de515,2024-06-25,Shoes,Clothing,5,510.34,2551.7,Sean Hall,West
a52c090e-e82c-40ec-94e9-94cfbd63cb46,2024-07-08,Jeans,Clothing,10,153.01,1530.1,Joseph Banks,West
354b552b-7840-45a1-920b-6e2ef2b6072d,2023-10-09,Jeans,Clothing,5,162.61,813.05,Patrick Flores,East
9614b943-aa2d-4954-80df-16d382697f4b,2023-10-03,Headphones,Electronics,1,12.61,12.61,Eric Smith,East
f1302462-861a-418f-87cc-53c133243cb5,2024-05-13,Laptop,Electronics,3,86.8,260.4,Michael Castillo,West
4f83fc11-6407-4245-80bc-d6c956620654,2024-08-22,Washing Machine,Home Appliances,10,832.43,8324.3,Ruth Rodriguez,East
68607fe6-9239-4286-86ce-03f22dc094cd,2023-10-18,Jacket,Clothing,9,852.72,7674.48,Jessica Lopez,West
cd0a1ca6-af18-41c8-b37c-5d3c8636e122,2024-08-05,Referigerator,Home Appliances,10,257.34,2573.4,Danielle Lam,West
e62e5410-2cb7-4532-820e-755d8769f838,2024-03-15,Washing Machine,Home Appliances,3,486.88,1460.64,Joseph Miller,East
990bbd63-fa0d-4b35-8582-f7b1ae9a1158,2024-05-24,Shoes,Clothing,7,834.43,5841.01,Shane Garcia,North
301995b3-14d6-4d77-a2d5-c5bfc7e53020,2023-12-23,Referigerator,Home Appliances,6,233.57,1401.42,Erin James,South
